split,galaxy,cut_category,threshold,patches,positive_patches,negative_patches,patch_tp,patch_fp,patch_fn,patch_tn,pixel_tp,pixel_fp,pixel_fn,patch_precision,patch_recall,patch_f1,pixel_precision,pixel_recall,pixel_f1
test,ddo53,angle_offset_+22.5deg,0.05,6,6,0,6,0,0,0,558,1538,64,1.0,1.0,1.0,0.26622137404580154,0.8971061093247589,0.4105960264900662
test,ddo53,angle_offset_+22.5deg,0.075,6,6,0,6,0,0,0,554,1460,68,1.0,1.0,1.0,0.27507447864945384,0.8906752411575563,0.4203338391502276
test,ddo53,angle_offset_+45deg,0.05,6,6,0,6,0,0,0,552,1840,56,1.0,1.0,1.0,0.23076923076923078,0.9078947368421053,0.36800000000000005
test,ddo53,angle_offset_+45deg,0.075,6,6,0,6,0,0,0,548,1758,60,1.0,1.0,1.0,0.23764093668690373,0.9013157894736842,0.3761153054221002
test,ddo53,angle_offset_-22.5deg,0.05,6,6,0,6,0,0,0,662,1340,80,1.0,1.0,1.0,0.3306693306693307,0.8921832884097035,0.4825072886297376
test,ddo53,angle_offset_-22.5deg,0.075,6,6,0,6,0,0,0,658,1266,84,1.0,1.0,1.0,0.341995841995842,0.8867924528301887,0.4936234058514629
test,ddo53,angle_offset_-45deg,0.05,6,6,0,6,0,0,0,446,2100,74,1.0,1.0,1.0,0.17517674783974863,0.8576923076923076,0.29093281148075667
test,ddo53,angle_offset_-45deg,0.075,6,6,0,6,0,0,0,440,1994,80,1.0,1.0,1.0,0.18077239112571897,0.8461538461538461,0.2979011509817197
test,ddo53,background_random_negative,0.05,24,0,24,0,6,0,18,0,1368,0,0.0,0.0,0.0,0.0,0.0,0.0
test,ddo53,background_random_negative,0.075,24,0,24,0,6,0,18,0,1302,0,0.0,0.0,0.0,0.0,0.0,0.0
test,ddo53,centered_positive__galaxy_major,0.05,6,6,0,6,0,0,0,604,1296,104,1.0,1.0,1.0,0.3178947368421053,0.8531073446327684,0.4631901840490798
test,ddo53,centered_positive__galaxy_major,0.075,6,6,0,6,0,0,0,600,1208,108,1.0,1.0,1.0,0.33185840707964603,0.847457627118644,0.4769475357710652
test,ddo53,centered_positive__galaxy_minor,0.05,6,6,0,6,0,0,0,442,2784,38,1.0,1.0,1.0,0.1370117792932424,0.9208333333333333,0.23853211009174308
test,ddo53,centered_positive__galaxy_minor,0.075,6,6,0,6,0,0,0,442,2664,38,1.0,1.0,1.0,0.14230521571152607,0.9208333333333333,0.2465142219743447
test,ddo53,centered_positive__shell_major,0.05,6,6,0,6,0,0,0,582,1614,94,1.0,1.0,1.0,0.2650273224043716,0.8609467455621301,0.4052924791086351
test,ddo53,centered_positive__shell_major,0.075,6,6,0,6,0,0,0,574,1540,102,1.0,1.0,1.0,0.271523178807947,0.849112426035503,0.4114695340501792
test,ddo53,centered_positive__shell_minor,0.05,6,6,0,6,0,0,0,444,1320,50,1.0,1.0,1.0,0.25170068027210885,0.8987854251012146,0.3932683790965456
test,ddo53,centered_positive__shell_minor,0.075,6,6,0,6,0,0,0,440,1268,54,1.0,1.0,1.0,0.2576112412177986,0.8906882591093117,0.3996366939146231
test,ddo53,fine_grid_deployment_like,0.05,190,2,188,2,26,0,162,208,3302,112,0.07142857142857142,1.0,0.13333333333333333,0.05925925925925926,0.65,0.10861618798955615
test,ddo53,fine_grid_deployment_like,0.075,190,2,188,2,20,0,168,204,3114,116,0.09090909090909091,1.0,0.16666666666666669,0.06148282097649186,0.6375,0.11214953271028037
test,ddo53,random_nearby_grazing,0.05,12,12,0,12,0,0,0,680,4338,8,1.0,1.0,1.0,0.13551215623754484,0.9883720930232558,0.23834560112162637
test,ddo53,random_nearby_grazing,0.075,12,12,0,12,0,0,0,678,4170,10,1.0,1.0,1.0,0.13985148514851486,0.9854651162790697,0.24494219653179192
test,ddo53,spatial_offset_16pix__shell_major,0.05,12,2,10,2,10,0,0,104,2634,0,0.16666666666666666,1.0,0.2857142857142857,0.03798392987582177,1.0,0.07318789584799437
test,ddo53,spatial_offset_16pix__shell_major,0.075,12,2,10,2,10,0,0,104,2480,0,0.16666666666666666,1.0,0.2857142857142857,0.04024767801857585,1.0,0.07738095238095238
test,ddo53,spatial_offset_16pix__shell_minor,0.05,12,2,10,2,10,0,0,40,4132,26,0.16666666666666666,1.0,0.2857142857142857,0.009587727708533078,0.6060606060606061,0.018876828692779613
test,ddo53,spatial_offset_16pix__shell_minor,0.075,12,2,10,2,10,0,0,34,3936,32,0.16666666666666666,1.0,0.2857142857142857,0.008564231738035265,0.5151515151515151,0.016848364717542124
test,ddo53,spatial_offset_4pix__shell_major,0.05,12,10,2,10,2,0,0,862,4406,26,0.8333333333333334,1.0,0.9090909090909091,0.16362946089597571,0.9707207207207207,0.2800519818063678
test,ddo53,spatial_offset_4pix__shell_major,0.075,12,10,2,10,2,0,0,860,4252,28,0.8333333333333334,1.0,0.9090909090909091,0.16823161189358374,0.9684684684684685,0.2866666666666667
test,ddo53,spatial_offset_4pix__shell_minor,0.05,12,8,4,8,4,0,0,642,2158,180,0.6666666666666666,1.0,0.8,0.2292857142857143,0.781021897810219,0.35450027609055773
test,ddo53,spatial_offset_4pix__shell_minor,0.075,12,8,4,8,4,0,0,632,2030,190,0.6666666666666666,1.0,0.8,0.23741547708489857,0.7688564476885644,0.36280137772675086
test,ddo53,spatial_offset_8pix__shell_major,0.05,12,6,6,6,6,0,0,570,4128,2,0.5,1.0,0.6666666666666666,0.12132822477650064,0.9965034965034965,0.21631878557874765
test,ddo53,spatial_offset_8pix__shell_major,0.075,12,6,6,6,6,0,0,570,3978,2,0.5,1.0,0.6666666666666666,0.12532981530343007,0.9965034965034965,0.22265624999999997
test,ddo53,spatial_offset_8pix__shell_minor,0.05,12,4,8,4,8,0,0,264,3060,12,0.3333333333333333,1.0,0.5,0.07942238267148015,0.9565217391304348,0.14666666666666667
test,ddo53,spatial_offset_8pix__shell_minor,0.075,12,4,8,4,8,0,0,264,2880,12,0.3333333333333333,1.0,0.5,0.08396946564885496,0.9565217391304348,0.1543859649122807
test,ddo53,velocity_offset_+15kms,0.05,6,6,0,6,0,0,0,582,1614,94,1.0,1.0,1.0,0.2650273224043716,0.8609467455621301,0.4052924791086351
test,ddo53,velocity_offset_+15kms,0.075,6,6,0,6,0,0,0,574,1540,102,1.0,1.0,1.0,0.271523178807947,0.849112426035503,0.4114695340501792
test,ddo53,velocity_offset_+30kms,0.05,6,6,0,6,0,0,0,582,1614,94,1.0,1.0,1.0,0.2650273224043716,0.8609467455621301,0.4052924791086351
test,ddo53,velocity_offset_+30kms,0.075,6,6,0,6,0,0,0,574,1540,102,1.0,1.0,1.0,0.271523178807947,0.849112426035503,0.4114695340501792
test,ddo53,velocity_offset_-15kms,0.05,6,6,0,6,0,0,0,582,1614,94,1.0,1.0,1.0,0.2650273224043716,0.8609467455621301,0.4052924791086351
test,ddo53,velocity_offset_-15kms,0.075,6,6,0,6,0,0,0,574,1540,102,1.0,1.0,1.0,0.271523178807947,0.849112426035503,0.4114695340501792
test,ddo53,velocity_offset_-30kms,0.05,6,6,0,6,0,0,0,582,1614,94,1.0,1.0,1.0,0.2650273224043716,0.8609467455621301,0.4052924791086351
test,ddo53,velocity_offset_-30kms,0.075,6,6,0,6,0,0,0,574,1540,102,1.0,1.0,1.0,0.271523178807947,0.849112426035503,0.4114695340501792
test,ho_ii,angle_offset_+22.5deg,0.05,80,80,0,80,0,0,0,28750,49702,15490,1.0,1.0,1.0,0.36646611941059504,0.6498643761301989,0.468653212923418
test,ho_ii,angle_offset_+22.5deg,0.075,80,80,0,80,0,0,0,28406,48318,15834,1.0,1.0,1.0,0.3702361712110943,0.6420886075949367,0.46966039482821337
test,ho_ii,angle_offset_+45deg,0.05,80,80,0,80,0,0,0,26812,45748,18856,1.0,1.0,1.0,0.3695148842337376,0.5871069457826049,0.4535642994891227
test,ho_ii,angle_offset_+45deg,0.075,80,80,0,80,0,0,0,26556,44294,19112,1.0,1.0,1.0,0.3748200423429781,0.5815012700359113,0.45582656756895934
test,ho_ii,angle_offset_-22.5deg,0.05,80,80,0,80,0,0,0,30832,48694,18936,1.0,1.0,1.0,0.387697105349194,0.6195145475004019,0.4769285504354417
test,ho_ii,angle_offset_-22.5deg,0.075,80,80,0,80,0,0,0,30524,47138,19244,1.0,1.0,1.0,0.39303649146300634,0.6133258318598296,0.4790708624342777
test,ho_ii,angle_offset_-45deg,0.05,80,80,0,80,0,0,0,29800,51286,18384,1.0,1.0,1.0,0.36751103766371507,0.6184625601859538,0.46105051442716793
test,ho_ii,angle_offset_-45deg,0.075,80,80,0,80,0,0,0,29474,49830,18710,1.0,1.0,1.0,0.37165842832644,0.6116968288228457,0.46238077309236947
test,ho_ii,background_random_negative,0.05,320,36,284,36,96,0,188,3546,23404,2654,0.2727272727272727,1.0,0.42857142857142855,0.13157699443413728,0.5719354838709677,0.21393665158371042
test,ho_ii,background_random_negative,0.075,320,36,284,36,92,0,192,3476,22272,2724,0.28125,1.0,0.43902439024390244,0.13500077675935995,0.5606451612903226,0.2176036058595217
test,ho_ii,centered_positive__galaxy_major,0.05,80,80,0,80,0,0,0,26048,49072,19564,1.0,1.0,1.0,0.346751863684771,0.5710777865473998,0.4315011761587649
test,ho_ii,centered_positive__galaxy_major,0.075,80,80,0,80,0,0,0,25686,47546,19926,1.0,1.0,1.0,0.35074830675114704,0.5631412786108919,0.4322641445929117
test,ho_ii,centered_positive__galaxy_minor,0.05,80,80,0,80,0,0,0,24820,46162,19218,1.0,1.0,1.0,0.3496661125355724,0.5636041600435987,0.43157711702312646
test,ho_ii,centered_positive__galaxy_minor,0.075,80,80,0,80,0,0,0,24480,44652,19558,1.0,1.0,1.0,0.3541051900711682,0.5558835551114946,0.43262348678978524
test,ho_ii,centered_positive__shell_major,0.05,80,80,0,80,0,0,0,28910,47070,18462,1.0,1.0,1.0,0.38049486707028163,0.6102761124715022,0.46873986639859905
test,ho_ii,centered_positive__shell_major,0.075,80,80,0,80,0,0,0,28602,45566,18770,1.0,1.0,1.0,0.3856380110020494,0.6037743814911762,0.4706598650649992
test,ho_ii,centered_positive__shell_minor,0.05,80,80,0,80,0,0,0,23010,49942,18222,1.0,1.0,1.0,0.3154128742186643,0.5580616996507567,0.40303369999299377
test,ho_ii,centered_positive__shell_minor,0.075,80,80,0,80,0,0,0,22780,48328,18452,1.0,1.0,1.0,0.3203577656522473,0.5524835079549865,0.40555456649457
test,ho_ii,fine_grid_deployment_like,0.05,190,34,156,34,52,0,104,6510,18716,7168,0.3953488372093023,1.0,0.5666666666666667,0.2580670736541663,0.4759467758444217,0.33466995681677975
test,ho_ii,fine_grid_deployment_like,0.075,190,34,156,34,44,0,112,6420,17910,7258,0.4358974358974359,1.0,0.6071428571428571,0.2638717632552404,0.46936686650095044,0.3378236160808251
test,ho_ii,random_nearby_grazing,0.05,160,160,0,160,0,0,0,43736,106428,29036,1.0,1.0,1.0,0.2912548946485176,0.6010003847633705,0.3923637277066064
test,ho_ii,random_nearby_grazing,0.075,160,160,0,160,0,0,0,43228,103252,29544,1.0,1.0,1.0,0.29511196067722556,0.5940196778980926,0.39432251473190666
test,ho_ii,spatial_offset_16pix__shell_major,0.05,160,148,12,148,12,0,0,40016,111176,23488,0.925,1.0,0.961038961038961,0.2646700883644637,0.6301335348954397,0.37276893840593206
test,ho_ii,spatial_offset_16pix__shell_major,0.075,160,148,12,148,12,0,0,39520,107974,23984,0.925,1.0,0.961038961038961,0.26794310277028216,0.6223230032753843,0.3746007071157072
test,ho_ii,spatial_offset_16pix__shell_minor,0.05,160,134,26,134,26,0,0,33202,100438,34606,0.8375,1.0,0.9115646258503401,0.24844357976653697,0.48964723926380366,0.32963345379452763
test,ho_ii,spatial_offset_16pix__shell_minor,0.075,160,134,26,134,26,0,0,32752,97384,35056,0.8375,1.0,0.9115646258503401,0.2516751705907666,0.48301085417649836,0.3309218768944752
test,ho_ii,spatial_offset_4pix__shell_major,0.05,160,160,0,160,0,0,0,53612,98528,36280,1.0,1.0,1.0,0.35238596029972397,0.5964045743781426,0.443015799563694
test,ho_ii,spatial_offset_4pix__shell_major,0.075,160,160,0,160,0,0,0,52984,95464,36908,1.0,1.0,1.0,0.35691959474024576,0.5894184132069594,0.44460854241839387
test,ho_ii,spatial_offset_4pix__shell_minor,0.05,160,160,0,160,0,0,0,45502,97714,36254,1.0,1.0,1.0,0.31771589766506536,0.5565585400459905,0.40451256156321674
test,ho_ii,spatial_offset_4pix__shell_minor,0.075,160,160,0,160,0,0,0,45000,94660,36756,1.0,1.0,1.0,0.32221108406129173,0.5504183179216204,0.4064746901759584
test,ho_ii,spatial_offset_8pix__shell_major,0.05,160,158,2,158,2,0,0,45686,103650,30882,0.9875,1.0,0.9937106918238994,0.3059275727219157,0.5966722390554801,0.40447269636659816
test,ho_ii,spatial_offset_8pix__shell_major,0.075,160,158,2,158,2,0,0,45110,100650,31458,0.9875,1.0,0.9937106918238994,0.3094813391877058,0.5891495141573503,0.405796840703825
test,ho_ii,spatial_offset_8pix__shell_minor,0.05,160,156,4,156,4,0,0,40176,101994,35172,0.975,1.0,0.9873417721518987,0.28259126397974255,0.5332059245102724,0.36940391140043577
test,ho_ii,spatial_offset_8pix__shell_minor,0.075,160,156,4,156,4,0,0,39654,99064,35694,0.975,1.0,0.9873417721518987,0.2858605227872374,0.5262780697563306,0.37048386946082046
test,ho_ii,velocity_offset_+15kms,0.05,80,80,0,80,0,0,0,28910,47070,18462,1.0,1.0,1.0,0.38049486707028163,0.6102761124715022,0.46873986639859905
test,ho_ii,velocity_offset_+15kms,0.075,80,80,0,80,0,0,0,28602,45566,18770,1.0,1.0,1.0,0.3856380110020494,0.6037743814911762,0.4706598650649992
test,ho_ii,velocity_offset_+30kms,0.05,80,80,0,80,0,0,0,28894,46922,18478,1.0,1.0,1.0,0.38110689036614964,0.6099383602127839,0.46910413351949865
test,ho_ii,velocity_offset_+30kms,0.075,80,80,0,80,0,0,0,28580,45432,18792,1.0,1.0,1.0,0.38615359671404637,0.6033099721354387,0.47090226059447704
test,ho_ii,velocity_offset_-15kms,0.05,80,80,0,80,0,0,0,28992,47184,18380,1.0,1.0,1.0,0.38059231253938247,0.612007092797433,0.46932366367727524
test,ho_ii,velocity_offset_-15kms,0.075,80,80,0,80,0,0,0,28688,45650,18684,1.0,1.0,1.0,0.38591299200947027,0.6055897998817867,0.4714156601758278
test,ho_ii,velocity_offset_-30kms,0.05,80,80,0,80,0,0,0,28738,48126,18634,1.0,1.0,1.0,0.3738811407160699,0.6066452756902811,0.46263562896422933
test,ho_ii,velocity_offset_-30kms,0.075,80,80,0,80,0,0,0,28382,46598,18990,1.0,1.0,1.0,0.37852760736196317,0.5991302879338005,0.463940107231594
test,ngc_3184,angle_offset_+22.5deg,0.05,80,80,0,80,0,0,0,9116,22590,804,1.0,1.0,1.0,0.2875165583801173,0.9189516129032258,0.43799548359198576
test,ngc_3184,angle_offset_+22.5deg,0.075,80,80,0,80,0,0,0,9084,21806,836,1.0,1.0,1.0,0.29407575267076724,0.915725806451613,0.44518500367556973
test,ngc_3184,angle_offset_+45deg,0.05,80,80,0,80,0,0,0,8316,24238,992,1.0,1.0,1.0,0.25545247895803896,0.8934250107434465,0.3973054321341551
test,ngc_3184,angle_offset_+45deg,0.075,80,80,0,80,0,0,0,8278,23516,1030,1.0,1.0,1.0,0.26036359061458136,0.8893425010743446,0.40280278331954655
test,ngc_3184,angle_offset_-22.5deg,0.05,80,80,0,80,0,0,0,9336,22670,1230,1.0,1.0,1.0,0.29169530712991315,0.8835888699602499,0.438598139622287
test,ngc_3184,angle_offset_-22.5deg,0.075,80,80,0,80,0,0,0,9292,21936,1274,1.0,1.0,1.0,0.2975534776482644,0.879424569373462,0.44465712781739003
test,ngc_3184,angle_offset_-45deg,0.05,80,80,0,80,0,0,0,8198,22568,1334,1.0,1.0,1.0,0.26646297861275436,0.8600503566932438,0.4068688272370838
test,ngc_3184,angle_offset_-45deg,0.075,80,80,0,80,0,0,0,8142,21884,1390,1.0,1.0,1.0,0.2711649903417039,0.8541754091481326,0.41164871833763084
test,ngc_3184,background_random_negative,0.05,320,6,314,6,64,0,250,352,8720,414,0.08571428571428572,1.0,0.15789473684210528,0.03880070546737213,0.4595300261096606,0.07155926001219759
test,ngc_3184,background_random_negative,0.075,320,6,314,6,62,0,252,348,8302,418,0.08823529411764706,1.0,0.1621621621621622,0.04023121387283237,0.45430809399477806,0.07391673746813934
test,ngc_3184,centered_positive__galaxy_major,0.05,80,80,0,80,0,0,0,8822,22926,844,1.0,1.0,1.0,0.27787577170215444,0.9126836333540245,0.4260395035495243
test,ngc_3184,centered_positive__galaxy_major,0.075,80,80,0,80,0,0,0,8792,22144,874,1.0,1.0,1.0,0.2841996379622446,0.909579971032485,0.43308211418156733
test,ngc_3184,centered_positive__galaxy_minor,0.05,80,80,0,80,0,0,0,8694,21710,1272,1.0,1.0,1.0,0.28594921720826205,0.872366044551475,0.43071587812732226
test,ngc_3184,centered_positive__galaxy_minor,0.075,80,80,0,80,0,0,0,8650,21016,1316,1.0,1.0,1.0,0.2915795860581137,0.8679510335139474,0.4365159467097295
test,ngc_3184,centered_positive__shell_major,0.05,80,80,0,80,0,0,0,10264,21774,1218,1.0,1.0,1.0,0.32036956114613896,0.8939209197004007,0.4716911764705883
test,ngc_3184,centered_positive__shell_major,0.075,80,80,0,80,0,0,0,10226,21018,1256,1.0,1.0,1.0,0.327294840609397,0.8906113917435987,0.4786780882834808
test,ngc_3184,centered_positive__shell_minor,0.05,80,80,0,80,0,0,0,7472,21948,1202,1.0,1.0,1.0,0.2539768864717879,0.8614249481208208,0.3922927495143592
test,ngc_3184,centered_positive__shell_minor,0.075,80,80,0,80,0,0,0,7422,21252,1252,1.0,1.0,1.0,0.2588407616656204,0.8556605948812543,0.3974510013923101
test,ngc_3184,fine_grid_deployment_like,0.05,190,10,180,10,36,0,144,284,6804,692,0.21739130434782608,1.0,0.3571428571428571,0.040067720090293454,0.29098360655737704,0.07043650793650794
test,ngc_3184,fine_grid_deployment_like,0.075,190,10,180,10,36,0,144,276,6534,700,0.21739130434782608,1.0,0.3571428571428571,0.04052863436123348,0.2827868852459016,0.0708964808630876
test,ngc_3184,random_nearby_grazing,0.05,160,160,0,160,0,0,0,10208,45126,1864,1.0,1.0,1.0,0.1844797050637944,0.8455931080185554,0.3028810491647628
test,ngc_3184,random_nearby_grazing,0.075,160,160,0,160,0,0,0,10144,43598,1928,1.0,1.0,1.0,0.18875367496557627,0.8402915838303512,0.3082626796730179
test,ngc_3184,spatial_offset_16pix__shell_major,0.05,160,66,94,66,94,0,0,3988,41474,1984,0.4125,1.0,0.5840707964601769,0.08772161365536052,0.667782987273945,0.15507252012287592
test,ngc_3184,spatial_offset_16pix__shell_major,0.075,160,66,94,66,94,0,0,3934,39938,2038,0.4125,1.0,0.5840707964601769,0.08966994894237783,0.65874079035499,0.15785249979937405
test,ngc_3184,spatial_offset_16pix__shell_minor,0.05,160,54,106,54,104,0,2,3872,38134,1186,0.34177215189873417,1.0,0.5094339622641509,0.09217730800361854,0.7655199683669435,0.164541900390957
test,ngc_3184,spatial_offset_16pix__shell_minor,0.075,160,54,106,54,104,0,2,3850,36662,1208,0.34177215189873417,1.0,0.5094339622641509,0.09503357030015798,0.7611704230921312,0.16897081413210446
test,ngc_3184,spatial_offset_4pix__shell_major,0.05,160,112,48,112,48,0,0,9348,45260,1572,0.7,1.0,0.8235294117647058,0.1711837093466159,0.856043956043956,0.28531314857770723
test,ngc_3184,spatial_offset_4pix__shell_major,0.075,160,112,48,112,48,0,0,9302,43784,1618,0.7,1.0,0.8235294117647058,0.1752251064310741,0.8518315018315018,0.29066025060150613
test,ngc_3184,spatial_offset_4pix__shell_minor,0.05,160,152,8,152,8,0,0,10432,41860,2158,0.95,1.0,0.9743589743589743,0.19949514266044518,0.8285941223193011,0.32156838568478163
test,ngc_3184,spatial_offset_4pix__shell_minor,0.075,160,152,8,152,8,0,0,10374,40314,2216,0.95,1.0,0.9743589743589743,0.20466382575757575,0.8239872915011914,0.32788646923101233
test,ngc_3184,spatial_offset_8pix__shell_major,0.05,160,50,110,50,110,0,0,2424,41800,782,0.3125,1.0,0.47619047619047616,0.054811866859623734,0.7560823456019963,0.10221378874130298
test,ngc_3184,spatial_offset_8pix__shell_major,0.075,160,50,110,50,110,0,0,2410,40228,796,0.3125,1.0,0.47619047619047616,0.056522350954547586,0.751715533374922,0.10513916761190123
test,ngc_3184,spatial_offset_8pix__shell_minor,0.05,160,70,90,68,88,2,2,4314,41194,2494,0.4358974358974359,0.9714285714285714,0.6017699115044248,0.09479651929331107,0.6336662749706228,0.16492086550959553
test,ngc_3184,spatial_offset_8pix__shell_minor,0.075,160,70,90,68,88,2,2,4262,39738,2546,0.4358974358974359,0.9714285714285714,0.6017699115044248,0.09686363636363636,0.6260282021151586,0.1677688552983782
test,ngc_3184,velocity_offset_+15kms,0.05,80,80,0,80,0,0,0,10302,21794,1180,1.0,1.0,1.0,0.3209745762711864,0.8972304476572026,0.47280737987057686
test,ngc_3184,velocity_offset_+15kms,0.075,80,80,0,80,0,0,0,10270,21038,1212,1.0,1.0,1.0,0.3280311741407947,0.8944434767462115,0.4800186959569993
test,ngc_3184,velocity_offset_+30kms,0.05,80,80,0,80,0,0,0,10220,21368,1262,1.0,1.0,1.0,0.3235405850322907,0.8900888346977879,0.4745762711864407
test,ngc_3184,velocity_offset_+30kms,0.075,80,80,0,80,0,0,0,10140,20602,1342,1.0,1.0,1.0,0.32984191009043,0.8831214074203101,0.480295566502463
test,ngc_3184,velocity_offset_-15kms,0.05,80,80,0,80,0,0,0,10338,21758,1144,1.0,1.0,1.0,0.3220962113659023,0.9003657899320676,0.4744595897012254
test,ngc_3184,velocity_offset_-15kms,0.075,80,80,0,80,0,0,0,10282,21046,1200,1.0,1.0,1.0,0.32820480081716036,0.8954885908378332,0.48035505722961924
test,ngc_3184,velocity_offset_-30kms,0.05,80,80,0,80,0,0,0,10258,21872,1224,1.0,1.0,1.0,0.31926548397136634,0.8933983626545898,0.4704209850499863
test,ngc_3184,velocity_offset_-30kms,0.075,80,80,0,80,0,0,0,10212,21124,1270,1.0,1.0,1.0,0.32588715853969874,0.8893920919700401,0.47699565603250965
test,ngc_7793,angle_offset_+22.5deg,0.05,54,54,0,54,0,0,0,9182,25008,2824,1.0,1.0,1.0,0.2685580579116701,0.764784274529402,0.39752359511646024
test,ngc_7793,angle_offset_+22.5deg,0.075,54,54,0,54,0,0,0,9062,24010,2944,1.0,1.0,1.0,0.27400822447992257,0.7547892720306514,0.40205865388881495
test,ngc_7793,angle_offset_+45deg,0.05,54,54,0,54,0,0,0,7976,30606,2464,1.0,1.0,1.0,0.20672852625576693,0.7639846743295019,0.3254049202398923
test,ngc_7793,angle_offset_+45deg,0.075,54,54,0,54,0,0,0,7904,29518,2536,1.0,1.0,1.0,0.2112126556571001,0.757088122605364,0.33028289666123434
test,ngc_7793,angle_offset_-22.5deg,0.05,54,54,0,54,0,0,0,8656,33072,1650,1.0,1.0,1.0,0.20743865030674846,0.8398990879099554,0.3327055386862436
test,ngc_7793,angle_offset_-22.5deg,0.075,54,54,0,54,0,0,0,8606,31748,1700,1.0,1.0,1.0,0.21326262576200625,0.835047545119348,0.339755230951441
test,ngc_7793,angle_offset_-45deg,0.05,54,54,0,54,0,0,0,9778,36506,1138,1.0,1.0,1.0,0.2112609108979345,0.895749358739465,0.3418881118881119
test,ngc_7793,angle_offset_-45deg,0.075,54,54,0,54,0,0,0,9732,35114,1184,1.0,1.0,1.0,0.21700932078669224,0.8915353609380725,0.34905491194720417
test,ngc_7793,background_random_negative,0.05,216,8,208,8,64,0,144,694,22280,398,0.1111111111111111,1.0,0.19999999999999998,0.03020806128667189,0.6355311355311355,0.0576747278317959
test,ngc_7793,background_random_negative,0.075,216,8,208,8,62,0,146,694,21322,398,0.11428571428571428,1.0,0.20512820512820512,0.03152252906976744,0.6355311355311355,0.06006577808551151
test,ngc_7793,centered_positive__galaxy_major,0.05,54,54,0,54,0,0,0,8808,34660,2516,1.0,1.0,1.0,0.2026318211097819,0.7778170257859414,0.32150678931230836
test,ngc_7793,centered_positive__galaxy_major,0.075,54,54,0,54,0,0,0,8750,33530,2574,1.0,1.0,1.0,0.20695364238410596,0.7726951607205934,0.3264681740168644
test,ngc_7793,centered_positive__galaxy_minor,0.05,54,54,0,54,0,0,0,8696,27722,1616,1.0,1.0,1.0,0.2387830193860179,0.843289371605896,0.3721806120265354
test,ngc_7793,centered_positive__galaxy_minor,0.075,54,54,0,54,0,0,0,8588,26554,1724,1.0,1.0,1.0,0.24437994422628195,0.8328161365399535,0.3778765345184143
test,ngc_7793,centered_positive__shell_major,0.05,54,54,0,54,0,0,0,9942,28100,2618,1.0,1.0,1.0,0.26134272646022816,0.7915605095541401,0.392948895300581
test,ngc_7793,centered_positive__shell_major,0.075,54,54,0,54,0,0,0,9884,27010,2676,1.0,1.0,1.0,0.26790263999566327,0.7869426751592357,0.39972499696687835
test,ngc_7793,centered_positive__shell_minor,0.05,54,54,0,54,0,0,0,9124,36430,1964,1.0,1.0,1.0,0.20028976599200948,0.8228715728715729,0.322163765403764
test,ngc_7793,centered_positive__shell_minor,0.075,54,54,0,54,0,0,0,9052,35196,2036,1.0,1.0,1.0,0.2045742180437534,0.8163780663780664,0.3271649559057395
test,ngc_7793,fine_grid_deployment_like,0.05,190,22,168,22,54,0,114,1906,25298,364,0.2894736842105263,1.0,0.4489795918367347,0.07006322599617704,0.839647577092511,0.12933432856076543
test,ngc_7793,fine_grid_deployment_like,0.075,190,22,168,22,50,0,118,1888,24294,382,0.3055555555555556,1.0,0.46808510638297873,0.07211061034298373,0.8317180616740089,0.13271474764515676
test,ngc_7793,random_nearby_grazing,0.05,108,108,0,108,0,0,0,11386,61200,3776,1.0,1.0,1.0,0.15686220483288787,0.7509563382139559,0.25951588640196926
test,ngc_7793,random_nearby_grazing,0.075,108,108,0,108,0,0,0,11288,58766,3874,1.0,1.0,1.0,0.16113284038027806,0.7444928109748055,0.26492677431468264
test,ngc_7793,spatial_offset_16pix__shell_major,0.05,108,56,52,56,50,0,2,5396,58522,2074,0.5283018867924528,1.0,0.6913580246913581,0.08442066397571889,0.7223560910307898,0.15117386675631758
test,ngc_7793,spatial_offset_16pix__shell_major,0.075,108,56,52,56,50,0,2,5338,56224,2132,0.5283018867924528,1.0,0.6913580246913581,0.08670933367986745,0.7145917001338689,0.15465291459033492
test,ngc_7793,spatial_offset_16pix__shell_minor,0.05,108,54,54,54,54,0,0,5332,65092,2190,0.5,1.0,0.6666666666666666,0.0757128251732364,0.7088540281839936,0.1368126651784569
test,ngc_7793,spatial_offset_16pix__shell_minor,0.075,108,54,54,54,54,0,0,5302,62734,2220,0.5,1.0,0.6666666666666666,0.07792933153036628,0.7048657272002127,0.14034251833028932
test,ngc_7793,spatial_offset_4pix__shell_major,0.05,108,92,16,92,16,0,0,13498,58608,4798,0.8518518518518519,1.0,0.92,0.18719662718775137,0.7377568867512024,0.2986217119090286
test,ngc_7793,spatial_offset_4pix__shell_major,0.075,108,92,16,92,16,0,0,13416,56174,4880,0.8518518518518519,1.0,0.92,0.19278631987354505,0.7332750327940534,0.3053045991397947
test,ngc_7793,spatial_offset_4pix__shell_minor,0.05,108,104,4,104,4,0,0,16802,71044,3012,0.9629629629629629,1.0,0.9811320754716981,0.19126653461739862,0.8479862723326941,0.3121307820917703
test,ngc_7793,spatial_offset_4pix__shell_minor,0.075,108,104,4,104,4,0,0,16706,68628,3108,0.9629629629629629,1.0,0.9811320754716981,0.1957719080319685,0.8431412132835369,0.3177616312245597
test,ngc_7793,spatial_offset_8pix__shell_major,0.05,108,64,44,64,44,0,0,8394,58148,2972,0.5925925925925926,1.0,0.7441860465116279,0.1261458928195726,0.7385183881752595,0.2154849309441906
test,ngc_7793,spatial_offset_8pix__shell_major,0.075,108,64,44,64,44,0,0,8324,55646,3042,0.5925925925925926,1.0,0.7441860465116279,0.13012349538846335,0.7323596691888087,0.22098332802378678
test,ngc_7793,spatial_offset_8pix__shell_minor,0.05,108,74,34,74,34,0,0,10834,70308,1812,0.6851851851851852,1.0,0.8131868131868133,0.13351901604594416,0.8567135853234225,0.2310316884889325
test,ngc_7793,spatial_offset_8pix__shell_minor,0.075,108,74,34,74,34,0,0,10766,67912,1880,0.6851851851851852,1.0,0.8131868131868133,0.1368362185108925,0.8513363909536612,0.23577591870702116
test,ngc_7793,velocity_offset_+15kms,0.05,54,54,0,54,0,0,0,9822,27482,2738,1.0,1.0,1.0,0.26329616126956895,0.7820063694267516,0.39395154821113426
test,ngc_7793,velocity_offset_+15kms,0.075,54,54,0,54,0,0,0,9750,26372,2810,1.0,1.0,1.0,0.26991860915785393,0.7762738853503185,0.40055872807197734
test,ngc_7793,velocity_offset_+30kms,0.05,54,54,0,54,0,0,0,9688,26864,2872,1.0,1.0,1.0,0.26504705624863206,0.7713375796178344,0.3945267958950969
test,ngc_7793,velocity_offset_+30kms,0.075,54,54,0,54,0,0,0,9620,25826,2940,1.0,1.0,1.0,0.27139874739039666,0.7659235668789809,0.4007832354289047
test,ngc_7793,velocity_offset_-15kms,0.05,54,54,0,54,0,0,0,9882,27960,2678,1.0,1.0,1.0,0.26113841763120343,0.7867834394904458,0.39212729653585177
test,ngc_7793,velocity_offset_-15kms,0.075,54,54,0,54,0,0,0,9778,26862,2782,1.0,1.0,1.0,0.26686681222707426,0.7785031847133758,0.397479674796748
test,ngc_7793,velocity_offset_-30kms,0.05,54,54,0,54,0,0,0,9896,28240,2664,1.0,1.0,1.0,0.25949234319278375,0.7878980891719746,0.39040555467887017
test,ngc_7793,velocity_offset_-30kms,0.075,54,54,0,54,0,0,0,9790,27006,2770,1.0,1.0,1.0,0.2660615284270029,0.7794585987261147,0.39670961990436826
val,ho_i,angle_offset_+22.5deg,0.05,12,12,0,12,0,0,0,1164,3016,1120,1.0,1.0,1.0,0.2784688995215311,0.5096322241681261,0.3601485148514852
val,ho_i,angle_offset_+22.5deg,0.075,12,12,0,12,0,0,0,1146,2862,1138,1.0,1.0,1.0,0.28592814371257486,0.5017513134851138,0.3642720915448188
val,ho_i,angle_offset_+45deg,0.05,12,12,0,12,0,0,0,2114,2150,1160,1.0,1.0,1.0,0.49577861163227016,0.645693341478314,0.5608914831520297
val,ho_i,angle_offset_+45deg,0.075,12,12,0,12,0,0,0,2096,2054,1178,1.0,1.0,1.0,0.5050602409638554,0.6401954795357361,0.564655172413793
val,ho_i,angle_offset_-22.5deg,0.05,12,12,0,12,0,0,0,1770,5286,794,1.0,1.0,1.0,0.2508503401360544,0.6903276131045242,0.36798336798336795
val,ho_i,angle_offset_-22.5deg,0.075,12,12,0,12,0,0,0,1754,5080,810,1.0,1.0,1.0,0.2566578870354112,0.6840873634945398,0.3732709087039796
val,ho_i,angle_offset_-45deg,0.05,12,12,0,12,0,0,0,1154,3584,1200,1.0,1.0,1.0,0.24356268467707895,0.49022939677145283,0.3254371122391427
val,ho_i,angle_offset_-45deg,0.075,12,12,0,12,0,0,0,1152,3446,1202,1.0,1.0,1.0,0.2505437146585472,0.4893797790994053,0.331415420023015
val,ho_i,background_random_negative,0.05,48,0,48,0,16,0,32,0,2078,0,0.0,0.0,0.0,0.0,0.0,0.0
val,ho_i,background_random_negative,0.075,48,0,48,0,16,0,32,0,1960,0,0.0,0.0,0.0,0.0,0.0,0.0
val,ho_i,centered_positive__galaxy_major,0.05,12,12,0,12,0,0,0,1440,3934,530,1.0,1.0,1.0,0.2679568291775214,0.7309644670050761,0.392156862745098
val,ho_i,centered_positive__galaxy_major,0.075,12,12,0,12,0,0,0,1410,3800,560,1.0,1.0,1.0,0.2706333973128599,0.7157360406091371,0.392757660167131
val,ho_i,centered_positive__galaxy_minor,0.05,12,12,0,12,0,0,0,1170,2698,1118,1.0,1.0,1.0,0.30248190279214066,0.5113636363636364,0.38011695906432746
val,ho_i,centered_positive__galaxy_minor,0.075,12,12,0,12,0,0,0,1164,2576,1124,1.0,1.0,1.0,0.31122994652406416,0.5087412587412588,0.3861977438619774
val,ho_i,centered_positive__shell_major,0.05,12,12,0,12,0,0,0,1402,3292,1020,1.0,1.0,1.0,0.29867916489135066,0.578860445912469,0.3940415964024733
val,ho_i,centered_positive__shell_major,0.075,12,12,0,12,0,0,0,1348,3106,1074,1.0,1.0,1.0,0.3026493039964077,0.5565648224607762,0.39208842350203604
val,ho_i,centered_positive__shell_minor,0.05,12,12,0,12,0,0,0,1410,2836,742,1.0,1.0,1.0,0.33207724917569476,0.6552044609665427,0.44076273835573615
val,ho_i,centered_positive__shell_minor,0.075,12,12,0,12,0,0,0,1392,2700,760,1.0,1.0,1.0,0.34017595307917886,0.6468401486988847,0.4458680333119795
val,ho_i,fine_grid_deployment_like,0.05,190,4,186,4,58,0,128,222,10014,208,0.06451612903225806,1.0,0.12121212121212122,0.021688159437280186,0.5162790697674419,0.041627601725107814
val,ho_i,fine_grid_deployment_like,0.075,190,4,186,4,52,0,134,220,9524,210,0.07142857142857142,1.0,0.13333333333333333,0.02257799671592775,0.5116279069767442,0.04324749361116571
val,ho_i,random_nearby_grazing,0.05,24,24,0,24,0,0,0,1364,8426,1150,1.0,1.0,1.0,0.1393258426966292,0.5425616547334925,0.22171651495448635
val,ho_i,random_nearby_grazing,0.075,24,24,0,24,0,0,0,1354,8018,1160,1.0,1.0,1.0,0.14447289799402477,0.5385839299920445,0.22783106175332324
val,ho_i,spatial_offset_16pix__shell_major,0.05,24,8,16,8,16,0,0,866,9728,558,0.3333333333333333,1.0,0.5,0.08174438361336606,0.6081460674157303,0.1441171575969379
val,ho_i,spatial_offset_16pix__shell_major,0.075,24,8,16,8,16,0,0,856,9414,568,0.3333333333333333,1.0,0.5,0.08334956183057449,0.601123595505618,0.14639986317769796
val,ho_i,spatial_offset_16pix__shell_minor,0.05,24,8,16,8,16,0,0,526,9560,508,0.3333333333333333,1.0,0.5,0.052151497124727345,0.5087040618955513,0.09460431654676259
val,ho_i,spatial_offset_16pix__shell_minor,0.075,24,8,16,8,16,0,0,518,9134,516,0.3333333333333333,1.0,0.5,0.05366763365105678,0.5009671179883946,0.09694927943103127
val,ho_i,spatial_offset_4pix__shell_major,0.05,24,22,2,22,2,0,0,2354,7440,1576,0.9166666666666666,1.0,0.9565217391304348,0.24035123545027567,0.5989821882951654,0.3430486738560186
val,ho_i,spatial_offset_4pix__shell_major,0.075,24,22,2,22,2,0,0,2298,7108,1632,0.9166666666666666,1.0,0.9565217391304348,0.2443121411864767,0.5847328244274809,0.34463107378524294
val,ho_i,spatial_offset_4pix__shell_minor,0.05,24,24,0,24,0,0,0,2304,6218,1706,1.0,1.0,1.0,0.2703590706406947,0.5745635910224439,0.3676986913501436
val,ho_i,spatial_offset_4pix__shell_minor,0.075,24,24,0,24,0,0,0,2288,5932,1722,1.0,1.0,1.0,0.278345498783455,0.570573566084788,0.3741618969746525
val,ho_i,spatial_offset_8pix__shell_major,0.05,24,14,10,14,10,0,0,1848,8958,556,0.5833333333333334,1.0,0.7368421052631579,0.17101610216546362,0.7687188019966722,0.2797880393641181
val,ho_i,spatial_offset_8pix__shell_major,0.075,24,14,10,14,10,0,0,1822,8610,582,0.5833333333333334,1.0,0.7368421052631579,0.17465490797546013,0.7579034941763727,0.28388906201308817
val,ho_i,spatial_offset_8pix__shell_minor,0.05,24,20,4,20,4,0,0,1650,8150,960,0.8333333333333334,1.0,0.9090909090909091,0.1683673469387755,0.632183908045977,0.26591458501208703
val,ho_i,spatial_offset_8pix__shell_minor,0.075,24,20,4,20,4,0,0,1646,7856,964,0.8333333333333334,1.0,0.9090909090909091,0.1732266891180804,0.6306513409961686,0.27179656538969615
val,ho_i,velocity_offset_+15kms,0.05,12,12,0,12,0,0,0,1402,3292,1020,1.0,1.0,1.0,0.29867916489135066,0.578860445912469,0.3940415964024733
val,ho_i,velocity_offset_+15kms,0.075,12,12,0,12,0,0,0,1348,3106,1074,1.0,1.0,1.0,0.3026493039964077,0.5565648224607762,0.39208842350203604
val,ho_i,velocity_offset_+30kms,0.05,12,12,0,12,0,0,0,1402,3292,1020,1.0,1.0,1.0,0.29867916489135066,0.578860445912469,0.3940415964024733
val,ho_i,velocity_offset_+30kms,0.075,12,12,0,12,0,0,0,1348,3106,1074,1.0,1.0,1.0,0.3026493039964077,0.5565648224607762,0.39208842350203604
val,ho_i,velocity_offset_-15kms,0.05,12,12,0,12,0,0,0,1402,3292,1020,1.0,1.0,1.0,0.29867916489135066,0.578860445912469,0.3940415964024733
val,ho_i,velocity_offset_-15kms,0.075,12,12,0,12,0,0,0,1348,3106,1074,1.0,1.0,1.0,0.3026493039964077,0.5565648224607762,0.39208842350203604
val,ho_i,velocity_offset_-30kms,0.05,12,12,0,12,0,0,0,1402,3292,1020,1.0,1.0,1.0,0.29867916489135066,0.578860445912469,0.3940415964024733
val,ho_i,velocity_offset_-30kms,0.075,12,12,0,12,0,0,0,1348,3106,1074,1.0,1.0,1.0,0.3026493039964077,0.5565648224607762,0.39208842350203604
val,ngc_2366,angle_offset_+22.5deg,0.05,52,52,0,52,0,0,0,8658,22758,8384,1.0,1.0,1.0,0.2755920550038197,0.5080389625630795,0.3573403772338932
val,ngc_2366,angle_offset_+22.5deg,0.075,52,52,0,52,0,0,0,8536,21614,8506,1.0,1.0,1.0,0.28311774461028194,0.500880178382819,0.3617562298694694
val,ngc_2366,angle_offset_+45deg,0.05,52,52,0,52,0,0,0,10806,26492,5866,1.0,1.0,1.0,0.2897206284519277,0.6481525911708254,0.4004446914952751
val,ngc_2366,angle_offset_+45deg,0.075,52,52,0,52,0,0,0,10634,25276,6038,1.0,1.0,1.0,0.2961292119186856,0.6378358925143954,0.4044730135787912
val,ngc_2366,angle_offset_-22.5deg,0.05,52,52,0,52,0,0,0,10852,27576,4202,1.0,1.0,1.0,0.2823982512751119,0.7208715291616846,0.405818780150331
val,ngc_2366,angle_offset_-22.5deg,0.075,52,52,0,52,0,0,0,10738,26498,4316,1.0,1.0,1.0,0.2883768396175744,0.7132987910189983,0.4107095046854083
val,ngc_2366,angle_offset_-45deg,0.05,52,52,0,52,0,0,0,10518,27100,3312,1.0,1.0,1.0,0.2796001913977351,0.7605206073752712,0.40887886798320633
val,ngc_2366,angle_offset_-45deg,0.075,52,52,0,52,0,0,0,10410,26030,3420,1.0,1.0,1.0,0.2856750823271131,0.7527114967462039,0.414163517008156
val,ngc_2366,background_random_negative,0.05,208,10,198,10,56,0,142,1082,25356,484,0.15151515151515152,1.0,0.2631578947368421,0.04092593993494213,0.6909323116219668,0.07727467504642195
val,ngc_2366,background_random_negative,0.075,208,10,198,10,54,0,144,1054,24340,512,0.15625,1.0,0.2702702702702703,0.04150586752776246,0.6730523627075351,0.07818991097922848
val,ngc_2366,centered_positive__galaxy_major,0.05,52,52,0,52,0,0,0,11256,24396,2748,1.0,1.0,1.0,0.3157186132615281,0.803770351328192,0.4533591106814886
val,ngc_2366,centered_positive__galaxy_major,0.075,52,52,0,52,0,0,0,11180,23484,2824,1.0,1.0,1.0,0.32252480960073854,0.7983433304770066,0.4594394674118517
val,ngc_2366,centered_positive__galaxy_minor,0.05,52,52,0,52,0,0,0,9360,23340,7466,1.0,1.0,1.0,0.28623853211009176,0.5562819446095328,0.37798328150870253
val,ngc_2366,centered_positive__galaxy_minor,0.075,52,52,0,52,0,0,0,9168,22060,7658,1.0,1.0,1.0,0.2935826822082746,0.5448710329252348,0.3815707329254588
val,ngc_2366,centered_positive__shell_major,0.05,52,52,0,52,0,0,0,11032,24582,7950,1.0,1.0,1.0,0.3097658224293817,0.5811821725845537,0.40413217085500774
val,ngc_2366,centered_positive__shell_major,0.075,52,52,0,52,0,0,0,10890,23428,8092,1.0,1.0,1.0,0.31732618450958683,0.5737014013275735,0.40863039399624773
val,ngc_2366,centered_positive__shell_minor,0.05,52,52,0,52,0,0,0,10894,25218,3800,1.0,1.0,1.0,0.3016725742135578,0.7413910439635225,0.42884698657638864
val,ngc_2366,centered_positive__shell_minor,0.075,52,52,0,52,0,0,0,10748,24116,3946,1.0,1.0,1.0,0.30828361633776963,0.7314550156526474,0.4337543887969652
val,ngc_2366,fine_grid_deployment_like,0.05,190,12,178,12,44,0,134,1772,23800,772,0.21428571428571427,1.0,0.35294117647058826,0.06929454090411387,0.6965408805031447,0.12604922464077392
val,ngc_2366,fine_grid_deployment_like,0.075,190,12,178,12,44,0,134,1738,22788,806,0.21428571428571427,1.0,0.35294117647058826,0.07086357335072983,0.6831761006289309,0.12840783154783894
val,ngc_2366,random_nearby_grazing,0.05,104,104,0,104,0,0,0,14572,51114,12176,1.0,1.0,1.0,0.22184331516609324,0.5447883953940481,0.31529523768310364
val,ngc_2366,random_nearby_grazing,0.075,104,104,0,104,0,0,0,14382,48882,12366,1.0,1.0,1.0,0.2273330804248862,0.5376850605652759,0.319557392347687
val,ngc_2366,spatial_offset_16pix__shell_major,0.05,104,80,24,80,24,0,0,10210,49712,7424,0.7692307692307693,1.0,0.8695652173913044,0.1703881712893428,0.5789951230577294,0.26329362009386764
val,ngc_2366,spatial_offset_16pix__shell_major,0.075,104,80,24,80,24,0,0,10044,47512,7590,0.7692307692307693,1.0,0.8695652173913044,0.17450830495517408,0.5695814903028241,0.267163186593962
val,ngc_2366,spatial_offset_16pix__shell_minor,0.05,104,80,24,80,24,0,0,11562,56994,4236,0.7692307692307693,1.0,0.8695652173913044,0.16865044635042883,0.7318647930117737,0.2741304502453944
val,ngc_2366,spatial_offset_16pix__shell_minor,0.075,104,80,24,80,24,0,0,11418,54828,4380,0.7692307692307693,1.0,0.8695652173913044,0.17235757630649398,0.7227497151538169,0.2783384525376627
val,ngc_2366,spatial_offset_4pix__shell_major,0.05,104,104,0,104,0,0,0,18246,49474,14290,1.0,1.0,1.0,0.26943295924394567,0.5607941971969511,0.36398819023300355
val,ngc_2366,spatial_offset_4pix__shell_major,0.075,104,104,0,104,0,0,0,17922,47286,14614,1.0,1.0,1.0,0.2748435774751564,0.5508359970494222,0.36671304632509416
val,ngc_2366,spatial_offset_4pix__shell_minor,0.05,104,104,0,104,0,0,0,20242,49814,8476,1.0,1.0,1.0,0.2889402763503483,0.7048540984748242,0.40986494421608927
val,ngc_2366,spatial_offset_4pix__shell_minor,0.075,104,104,0,104,0,0,0,19980,47526,8738,1.0,1.0,1.0,0.29597369122744643,0.6957309004805349,0.415281010974393
val,ngc_2366,spatial_offset_8pix__shell_major,0.05,104,82,22,82,22,0,0,12162,50020,10702,0.7884615384615384,1.0,0.8817204301075269,0.19558714740600175,0.531927921623513,0.2860099240411072
val,ngc_2366,spatial_offset_8pix__shell_major,0.075,104,82,22,82,22,0,0,11928,47818,10936,0.7884615384615384,1.0,0.8817204301075269,0.199645164529843,0.5216934919524143,0.2887785982326595
val,ngc_2366,spatial_offset_8pix__shell_minor,0.05,104,100,4,100,4,0,0,16178,53102,7294,0.9615384615384616,1.0,0.9803921568627451,0.2335161662817552,0.6892467620995228,0.348844229774021
val,ngc_2366,spatial_offset_8pix__shell_minor,0.075,104,100,4,100,4,0,0,15940,50922,7532,0.9615384615384616,1.0,0.9803921568627451,0.238401483652897,0.679107021131561,0.3529125246308145
val,ngc_2366,velocity_offset_+15kms,0.05,52,52,0,52,0,0,0,10892,24870,8090,1.0,1.0,1.0,0.3045690956881606,0.5738067643030239,0.3979248867455794
val,ngc_2366,velocity_offset_+15kms,0.075,52,52,0,52,0,0,0,10736,23780,8246,1.0,1.0,1.0,0.3110441534360876,0.5655884522178907,0.40136079853452467
val,ngc_2366,velocity_offset_+30kms,0.05,52,52,0,52,0,0,0,10790,23796,8192,1.0,1.0,1.0,0.31197594402359335,0.5684332525550522,0.40285244922341695
val,ngc_2366,velocity_offset_+30kms,0.075,52,52,0,52,0,0,0,10636,22694,8346,1.0,1.0,1.0,0.3191119111911191,0.5603203034453693,0.40663710047407864
val,ngc_2366,velocity_offset_-15kms,0.05,52,52,0,52,0,0,0,10626,23562,8356,1.0,1.0,1.0,0.3108108108108108,0.5597934885681172,0.3996990784276847
val,ngc_2366,velocity_offset_-15kms,0.075,52,52,0,52,0,0,0,10498,22544,8484,1.0,1.0,1.0,0.3177168452272865,0.5530502581392899,0.40358296170998004
val,ngc_2366,velocity_offset_-30kms,0.05,52,52,0,52,0,0,0,10480,23132,8502,1.0,1.0,1.0,0.311793407116506,0.552101991360236,0.3985245465262197
val,ngc_2366,velocity_offset_-30kms,0.075,52,52,0,52,0,0,0,10360,22108,8622,1.0,1.0,1.0,0.3190834051989651,0.5457802128332104,0.40272108843537413
val,ngc_4449,angle_offset_+22.5deg,0.05,40,40,0,40,0,0,0,6096,13444,1824,1.0,1.0,1.0,0.3119754350051177,0.7696969696969697,0.4439912600145666
val,ngc_4449,angle_offset_+22.5deg,0.075,40,40,0,40,0,0,0,6058,12982,1862,1.0,1.0,1.0,0.318172268907563,0.7648989898989899,0.4494065281899109
val,ngc_4449,angle_offset_+45deg,0.05,40,40,0,38,0,2,0,7164,12734,2672,1.0,0.95,0.9743589743589743,0.36003618454115993,0.7283448556323708,0.48187260375327906
val,ngc_4449,angle_offset_+45deg,0.075,40,40,0,38,0,2,0,7084,12252,2752,1.0,0.95,0.9743589743589743,0.3663632602399669,0.7202114680764539,0.48567119155354455
val,ngc_4449,angle_offset_-22.5deg,0.05,40,40,0,40,0,0,0,5760,11652,1832,1.0,1.0,1.0,0.33080634045485874,0.7586933614330874,0.4607262837945928
val,ngc_4449,angle_offset_-22.5deg,0.075,40,40,0,40,0,0,0,5704,11200,1888,1.0,1.0,1.0,0.3374349266445812,0.7513171759747103,0.46570868713259317
val,ngc_4449,angle_offset_-45deg,0.05,40,40,0,40,0,0,0,5138,12304,1618,1.0,1.0,1.0,0.29457631005618623,0.7605091770278272,0.42466319530539715
val,ngc_4449,angle_offset_-45deg,0.075,40,40,0,40,0,0,0,5100,11914,1656,1.0,1.0,1.0,0.2997531444692606,0.7548845470692718,0.4291123264619269
val,ngc_4449,background_random_negative,0.05,160,12,148,12,116,0,32,388,19614,392,0.09375,1.0,0.17142857142857143,0.0193980601939806,0.49743589743589745,0.03734000577422769
val,ngc_4449,background_random_negative,0.075,160,12,148,12,110,0,38,382,18438,398,0.09836065573770492,1.0,0.1791044776119403,0.020297555791710945,0.4897435897435897,0.03897959183673469
val,ngc_4449,centered_positive__galaxy_major,0.05,40,40,0,38,0,2,0,5348,11290,1862,1.0,0.95,0.9743589743589743,0.32143286452698644,0.7417475728155339,0.44850721234485075
val,ngc_4449,centered_positive__galaxy_major,0.075,40,40,0,38,0,2,0,5282,10884,1928,1.0,0.95,0.9743589743589743,0.3267351230978597,0.7325936199722608,0.4519164955509925
val,ngc_4449,centered_positive__galaxy_minor,0.05,40,40,0,40,0,0,0,5642,9194,3568,1.0,1.0,1.0,0.38029118360744135,0.6125950054288817,0.46926723779422774
val,ngc_4449,centered_positive__galaxy_minor,0.075,40,40,0,40,0,0,0,5554,8810,3656,1.0,1.0,1.0,0.386661097187413,0.6030401737242128,0.4711970815304998
val,ngc_4449,centered_positive__shell_major,0.05,40,40,0,40,0,0,0,6214,9988,2256,1.0,1.0,1.0,0.3835328971731885,0.7336481700118064,0.5037289234760052
val,ngc_4449,centered_positive__shell_major,0.075,40,40,0,40,0,0,0,6150,9598,2320,1.0,1.0,1.0,0.3905257810515621,0.7260920897284534,0.5078866958460649
val,ngc_4449,centered_positive__shell_minor,0.05,40,40,0,38,0,2,0,4600,9860,2228,1.0,0.95,0.9743589743589743,0.318118948824343,0.6736965436438196,0.4321683577602405
val,ngc_4449,centered_positive__shell_minor,0.075,40,40,0,38,0,2,0,4550,9512,2278,1.0,0.95,0.9743589743589743,0.3235670601621391,0.666373755125952,0.43561512685495457
val,ngc_4449,fine_grid_deployment_like,0.05,190,20,170,20,120,0,50,1388,24508,982,0.14285714285714285,1.0,0.25,0.053599011430336733,0.5856540084388185,0.09820986344017549
val,ngc_4449,fine_grid_deployment_like,0.075,190,20,170,20,116,0,54,1364,23168,1006,0.14705882352941177,1.0,0.25641025641025644,0.055600847872166966,0.5755274261603376,0.1014050999925656
val,ngc_4449,random_nearby_grazing,0.05,80,80,0,80,0,0,0,8296,22454,3292,1.0,1.0,1.0,0.26978861788617886,0.7159130134622023,0.3918938069819075
val,ngc_4449,random_nearby_grazing,0.075,80,80,0,80,0,0,0,8176,21464,3412,1.0,1.0,1.0,0.27584345479082323,0.7055574732481877,0.39662365382749587
val,ngc_4449,spatial_offset_16pix__shell_major,0.05,80,38,42,38,38,0,4,4688,22514,2244,0.5,1.0,0.6666666666666666,0.17234026909786046,0.6762839007501442,0.27468213511454853
val,ngc_4449,spatial_offset_16pix__shell_major,0.075,80,38,42,38,38,0,4,4634,21630,2298,0.5,1.0,0.6666666666666666,0.17643923240938167,0.6684939411425274,0.27919026388721535
val,ngc_4449,spatial_offset_16pix__shell_minor,0.05,80,46,34,46,30,0,4,4884,22124,1848,0.6052631578947368,1.0,0.7540983606557378,0.18083530805687204,0.7254901960784313,0.28950800237107294
val,ngc_4449,spatial_offset_16pix__shell_minor,0.075,80,46,34,46,28,0,6,4836,21250,1896,0.6216216216216216,1.0,0.7666666666666667,0.18538679751590892,0.7183600713012478,0.2947163142178073
val,ngc_4449,spatial_offset_4pix__shell_major,0.05,80,80,0,80,0,0,0,11118,21540,3366,1.0,1.0,1.0,0.34043725886459675,0.7676056338028169,0.47168130329642366
val,ngc_4449,spatial_offset_4pix__shell_major,0.075,80,80,0,80,0,0,0,10996,20728,3488,1.0,1.0,1.0,0.3466145504980456,0.7591825462579398,0.47593490304709146
val,ngc_4449,spatial_offset_4pix__shell_minor,0.05,80,78,2,74,2,4,0,8828,19626,4168,0.9736842105263158,0.9487179487179487,0.9610389610389611,0.3102551486609967,0.6792859341335795,0.4259589867310012
val,ngc_4449,spatial_offset_4pix__shell_minor,0.075,80,78,2,74,2,4,0,8726,18892,4270,0.9736842105263158,0.9487179487179487,0.9610389610389611,0.3159533637482801,0.6714373653431825,0.42970404294085784
val,ngc_4449,spatial_offset_8pix__shell_major,0.05,80,66,14,66,14,0,0,7372,22120,2588,0.825,1.0,0.9041095890410958,0.24996609249966092,0.7401606425702811,0.3737199634999493
val,ngc_4449,spatial_offset_8pix__shell_major,0.075,80,66,14,66,14,0,0,7272,21256,2688,0.825,1.0,0.9041095890410958,0.25490745933819403,0.7301204819277108,0.37788401579713154
val,ngc_4449,spatial_offset_8pix__shell_minor,0.05,80,72,8,72,8,0,0,6818,20172,3726,0.9,1.0,0.9473684210526316,0.25261207854761025,0.6466236722306525,0.3632972771353973
val,ngc_4449,spatial_offset_8pix__shell_minor,0.075,80,72,8,72,8,0,0,6710,19420,3834,0.9,1.0,0.9473684210526316,0.2567929582854956,0.636380880121396,0.36592681463707255
val,ngc_4449,velocity_offset_+15kms,0.05,40,40,0,38,0,2,0,6058,9480,2412,1.0,0.95,0.9743589743589743,0.38988286780795467,0.7152302243211334,0.5046651116294567
val,ngc_4449,velocity_offset_+15kms,0.075,40,40,0,38,0,2,0,5980,9104,2490,1.0,0.95,0.9743589743589743,0.3964465658976399,0.706021251475797,0.5077693809968583
val,ngc_4449,velocity_offset_+30kms,0.05,40,40,0,38,0,2,0,5892,8522,2578,1.0,0.95,0.9743589743589743,0.40876925211599835,0.6956316410861866,0.5149449396958574
val,ngc_4449,velocity_offset_+30kms,0.075,40,40,0,38,0,2,0,5812,8212,2658,1.0,0.95,0.9743589743589743,0.41443240159726186,0.6861865407319953,0.5167600248955276
val,ngc_4449,velocity_offset_-15kms,0.05,40,40,0,40,0,0,0,6246,10422,2224,1.0,1.0,1.0,0.3747300215982721,0.7374262101534829,0.49693690826636966
val,ngc_4449,velocity_offset_-15kms,0.075,40,40,0,40,0,0,0,6166,10042,2304,1.0,1.0,1.0,0.3804294175715696,0.7279811097992916,0.49971634654348
val,ngc_4449,velocity_offset_-30kms,0.05,40,40,0,40,0,0,0,6184,10944,2286,1.0,1.0,1.0,0.36104624007473146,0.7301062573789846,0.4831627470896164
val,ngc_4449,velocity_offset_-30kms,0.075,40,40,0,40,0,0,0,6120,10534,2350,1.0,1.0,1.0,0.3674792842560346,0.7225501770956316,0.4871835694953034
val,ngc_4736,angle_offset_+22.5deg,0.05,48,48,0,48,0,0,0,2612,14926,1376,1.0,1.0,1.0,0.14893374387045274,0.6549648946840522,0.24268326674718946
val,ngc_4736,angle_offset_+22.5deg,0.075,48,48,0,48,0,0,0,2568,14464,1420,1.0,1.0,1.0,0.15077501174260216,0.6439317953861585,0.2443387250237869
val,ngc_4736,angle_offset_+45deg,0.05,48,48,0,46,0,2,0,3002,16358,1306,1.0,0.9583333333333334,0.9787234042553191,0.1550619834710744,0.6968430826369545,0.25367584924792974
val,ngc_4736,angle_offset_+45deg,0.075,48,48,0,46,0,2,0,2974,15792,1334,1.0,0.9583333333333334,0.9787234042553191,0.1584780986891186,0.6903435468895079,0.25777931871370374
val,ngc_4736,angle_offset_-22.5deg,0.05,48,48,0,48,0,0,0,2810,11260,2596,1.0,1.0,1.0,0.19971570717839374,0.5197928227894931,0.2885602793181351
val,ngc_4736,angle_offset_-22.5deg,0.075,48,48,0,48,0,0,0,2756,10752,2650,1.0,1.0,1.0,0.204027243115191,0.5098039215686274,0.2914243417574283
val,ngc_4736,angle_offset_-45deg,0.05,48,48,0,46,0,2,0,3034,12904,1780,1.0,0.9583333333333334,0.9787234042553191,0.19036265528924584,0.6302451184046531,0.29240555127216655
val,ngc_4736,angle_offset_-45deg,0.075,48,48,0,46,0,2,0,3018,12380,1796,1.0,0.9583333333333334,0.9787234042553191,0.19599948045200674,0.6269214790195263,0.2986344745695626
val,ngc_4736,background_random_negative,0.05,192,2,190,2,74,0,116,130,13986,26,0.02631578947368421,1.0,0.05128205128205127,0.00920940776423916,0.8333333333333334,0.018217488789237665
val,ngc_4736,background_random_negative,0.075,192,2,190,2,72,0,118,130,13304,26,0.02702702702702703,1.0,0.052631578947368425,0.009676939109721602,0.8333333333333334,0.01913171449595291
val,ngc_4736,centered_positive__galaxy_major,0.05,48,48,0,48,0,0,0,3448,30430,738,1.0,1.0,1.0,0.1017769644016766,0.8236980410893454,0.18116855821773856
val,ngc_4736,centered_positive__galaxy_major,0.075,48,48,0,48,0,0,0,3424,29622,762,1.0,1.0,1.0,0.10361314531259457,0.8179646440516005,0.18392780403953587
val,ngc_4736,centered_positive__galaxy_minor,0.05,48,48,0,48,0,0,0,2360,10096,2468,1.0,1.0,1.0,0.1894669235709698,0.4888152444076222,0.27308493404304557
val,ngc_4736,centered_positive__galaxy_minor,0.075,48,48,0,48,0,0,0,2306,9712,2522,1.0,1.0,1.0,0.19187884839407554,0.4776304888152444,0.27377418971862755
val,ngc_4736,centered_positive__shell_major,0.05,48,48,0,48,0,0,0,2670,14746,2088,1.0,1.0,1.0,0.15330730362884704,0.5611601513240857,0.24082258500947057
val,ngc_4736,centered_positive__shell_major,0.075,48,48,0,48,0,0,0,2618,14206,2140,1.0,1.0,1.0,0.15561103185924868,0.5502311895754519,0.2426095820591233
val,ngc_4736,centered_positive__shell_minor,0.05,48,48,0,48,0,0,0,3056,17686,844,1.0,1.0,1.0,0.14733391186963649,0.7835897435897435,0.24803181559938317
val,ngc_4736,centered_positive__shell_minor,0.075,48,48,0,48,0,0,0,3012,17184,888,1.0,1.0,1.0,0.14913844325609033,0.7723076923076924,0.25000000000000006
val,ngc_4736,fine_grid_deployment_like,0.05,190,8,182,8,50,0,132,246,11100,180,0.13793103448275862,1.0,0.2424242424242424,0.02168164992067689,0.5774647887323944,0.0417940876656473
val,ngc_4736,fine_grid_deployment_like,0.075,190,8,182,8,48,0,134,242,10652,184,0.14285714285714285,1.0,0.25,0.02221406278685515,0.568075117370892,0.04275618374558304
val,ngc_4736,random_nearby_grazing,0.05,96,96,0,94,0,2,0,3090,26392,3648,1.0,0.9791666666666666,0.9894736842105264,0.10480971440200801,0.45859305431878894,0.1706239646604086
val,ngc_4736,random_nearby_grazing,0.075,96,96,0,94,0,2,0,3042,25384,3696,1.0,0.9791666666666666,0.9894736842105264,0.10701470484767467,0.4514692787177204,0.17301785917415538
val,ngc_4736,spatial_offset_16pix__shell_major,0.05,96,34,62,34,62,0,0,1580,23624,1244,0.3541666666666667,1.0,0.5230769230769231,0.06268846214886525,0.5594900849858357,0.11274439845868416
val,ngc_4736,spatial_offset_16pix__shell_major,0.075,96,34,62,34,62,0,0,1556,22718,1268,0.3541666666666667,1.0,0.5230769230769231,0.0641015077861086,0.5509915014164306,0.11484242379511406
val,ngc_4736,spatial_offset_16pix__shell_minor,0.05,96,50,46,50,46,0,0,2102,32014,950,0.5208333333333334,1.0,0.684931506849315,0.06161331926368859,0.6887287024901704,0.11310804993542832
val,ngc_4736,spatial_offset_16pix__shell_minor,0.075,96,50,46,50,46,0,0,2086,30928,966,0.5208333333333334,1.0,0.684931506849315,0.06318531532077301,0.6834862385321101,0.11567681472855322
val,ngc_4736,spatial_offset_4pix__shell_major,0.05,96,68,28,66,28,2,0,2650,28050,3414,0.7021276595744681,0.9705882352941176,0.8148148148148149,0.08631921824104234,0.43700527704485487,0.14416276792514415
val,ngc_4736,spatial_offset_4pix__shell_major,0.075,96,68,28,66,28,2,0,2576,27024,3488,0.7021276595744681,0.9705882352941176,0.8148148148148149,0.08702702702702703,0.42480211081794195,0.14445939883355763
val,ngc_4736,spatial_offset_4pix__shell_minor,0.05,96,84,12,84,12,0,0,4402,36768,1816,0.875,1.0,0.9333333333333333,0.10692251639543357,0.7079446767449341,0.18578543091077912
val,ngc_4736,spatial_offset_4pix__shell_minor,0.075,96,84,12,84,12,0,0,4324,35536,1894,0.875,1.0,0.9333333333333333,0.10847967887606623,0.6954004503055645,0.187681757020704
val,ngc_4736,spatial_offset_8pix__shell_major,0.05,96,50,46,50,46,0,0,2386,28690,2360,0.5208333333333334,1.0,0.684931506849315,0.0767795083022268,0.5027391487568479,0.13321422589470158
val,ngc_4736,spatial_offset_8pix__shell_major,0.075,96,50,46,50,46,0,0,2342,27688,2404,0.5208333333333334,1.0,0.684931506849315,0.07798867798867799,0.49346818373367046,0.13469059121233037
val,ngc_4736,spatial_offset_8pix__shell_minor,0.05,96,52,44,52,42,0,2,3958,33698,1240,0.5531914893617021,1.0,0.7123287671232876,0.10510941151476524,0.761446710273182,0.18472021281560647
val,ngc_4736,spatial_offset_8pix__shell_minor,0.075,96,52,44,52,42,0,2,3906,32598,1292,0.5531914893617021,1.0,0.7123287671232876,0.10700197238658778,0.7514428626394767,0.18732914488513738
val,ngc_4736,velocity_offset_+15kms,0.05,48,48,0,48,0,0,0,2598,14418,2120,1.0,1.0,1.0,0.15267983074753175,0.5506570580754557,0.23907242109137758
val,ngc_4736,velocity_offset_+15kms,0.075,48,48,0,48,0,0,0,2532,13880,2186,1.0,1.0,1.0,0.15427735803070924,0.5366680796947859,0.23965925224798865
val,ngc_4736,velocity_offset_+30kms,0.05,48,46,2,46,2,0,0,2440,16946,2094,0.9583333333333334,1.0,0.9787234042553191,0.12586402558547405,0.5381561535068372,0.2040133779264214
val,ngc_4736,velocity_offset_+30kms,0.075,48,46,2,46,2,0,0,2384,16310,2150,0.9583333333333334,1.0,0.9787234042553191,0.12752754894618595,0.5258050286722541,0.20526950232478047
val,ngc_4736,velocity_offset_-15kms,0.05,48,48,0,48,0,0,0,2584,14878,2064,1.0,1.0,1.0,0.14797846752949262,0.5559380378657487,0.23374038896426955
val,ngc_4736,velocity_offset_-15kms,0.075,48,48,0,48,0,0,0,2510,14294,2138,1.0,1.0,1.0,0.14936919781004523,0.5400172117039587,0.23401081484243894
val,ngc_4736,velocity_offset_-30kms,0.05,48,48,0,48,0,0,0,2750,14754,1648,1.0,1.0,1.0,0.15710694698354663,0.6252842201000455,0.2511186193041731
val,ngc_4736,velocity_offset_-30kms,0.075,48,48,0,48,0,0,0,2678,14136,1720,1.0,1.0,1.0,0.1592720352087546,0.6089131423374261,0.25249858570620404
